<fontconfig.xml>
 <config>
  <name>All</name>
  <fontlib>fonts_ja.swf</fontlib>
  <map>
   <alias>
    <embedded>$TahomaBold</embedded>
    <runtime>WarHeliGothicJK</runtime>
    <type>Bold</type>
   </alias>
   <alias>
    <embedded>$TahomaRegular</embedded>
    <runtime>WarHeliGothicJK</runtime>
   </alias>
   <alias>
    <embedded>$ZurichCond</embedded>
    <runtime>WarHeliGothicJK</runtime>
   </alias>
   <alias>
    <embedded>$ZurichCondBold</embedded>
    <runtime>WarHeliGothicJK</runtime>
   </alias>
   <alias>
    <embedded>$TextFont</embedded>
    <runtime>WarHeliGothicJK</runtime>
   </alias>
  </map>
 </config>
</fontconfig.xml>
