<user_hangar_spaces.xml>
  <hangar>
    <spaceID>00_22_Hangar_British_Castle_2017_peace</spaceID>
    <hangarType>premium</hangarType>
    <premiumType>OP</premiumType>
    <accessibilityConditions>
      <accountType>premium</accountType>
      <accountType>basic</accountType>
    </accessibilityConditions>
    <loc>SETTINGS_BACKGROUND_OPTION_HANGAR_CASTLE</loc>
    <img>icons/hangar/bgMenuImageBritishCastle2017.dds</img>
  </hangar>
  <hangar>
    <spaceID>00_22_Hangar_British_Castle_2017_war</spaceID>
    <hangarType>premium</hangarType>
    <premiumType>OP</premiumType>
    <accessibilityConditions>
      <accountType>premium</accountType>
      <accountType>basic</accountType>
    </accessibilityConditions>
    <loc>SETTINGS_BACKGROUND_OPTION_HANGAR_CASTLE</loc>
    <img>icons/hangar/bgMenuImageBritishCastle2017.dds</img>  
</hangar>
<hangar>
    <spaceID>00_26_hangar_Hurricane</spaceID>
    <hangarType>premium</hangarType>
    <premiumType>OP</premiumType>
    <accessibilityConditions>
      <accountType>basic</accountType>
      <accountType>premium</accountType>
    </accessibilityConditions>
    <loc>LOBBY_BACKGROUND_OPTION_AIRFIELD</loc>
    <img>icons/hangar/bgMenuImageHurricane.dds</img>
  </hangar>
<hangar>
    <spaceID>00_25_Hangar_WG_20</spaceID>
    <hangarType>premium</hangarType>
    <premiumType>OP</premiumType>
    <accessibilityConditions>
      <accountType>basic</accountType>
      <accountType>premium</accountType>
    </accessibilityConditions>
    <loc>SETTINGS_BACKGROUND_OPTION_HANGAR_BEACH</loc>
    <img>icons/hangar/bgMenuImageHangarWG20.dds</img>
  </hangar>
  <hangar>
    <spaceID>00_24_Factory_Hangar_2018</spaceID>
    <hangarType>premium</hangarType>
    <premiumType>OP</premiumType>
    <accessibilityConditions>
      <accountType>basic</accountType>
      <accountType>premium</accountType>
    </accessibilityConditions>
    <loc>SETTINGS_BACKGROUND_OPTION_HANGAR_FACTORY</loc>
    <img>icons/hangar/bgMenuImageManufacturingPlant.dds</img>
  </hangar>
  <hangar>
    <spaceID>00_18_hangar_premium_2017</spaceID>
    <hangarType>premium</hangarType>
    <premiumType>OP</premiumType>
    <accessibilityConditions>
      <accountType>premium</accountType>
      <accountType>basic</accountType>
    </accessibilityConditions>
    <loc>LOBBY_BACKGROUND_OPTION_AIRBASE_PR</loc>
    <img>icons/hangar/bgMenuImageAirfield.dds</img>
  </hangar>
  <hangar>
    <spaceID>00_19_hangar_base_2017</spaceID>
    <hangarType>premium</hangarType>
    <premiumType>OP</premiumType>
    <accessibilityConditions>
      <accountType>basic</accountType>
      <accountType>premium</accountType>
    </accessibilityConditions>
    <loc>LOBBY_BACKGROUND_OPTION_AIRFIELD_ST</loc>
    <img>icons/hangar/bgMenuImageHangar.dds</img>
  </hangar>
  <hangar>
    <spaceID>00_23_hangar_birthday_2017</spaceID>
    <hangarType>premium</hangarType>
    <premiumType>OP</premiumType>
    <accessibilityConditions>
      <accountType>basic</accountType>
      <accountType>premium</accountType>
    </accessibilityConditions>
    <loc>LOBBY_HANGAR_HOLIDAYS</loc>
    <img>icons/hangar/bgMenuImageWoWPBirthday2017.dds</img>
  </hangar>
  <hangar>
    <spaceID>00_22_Hangar_British_Castle_2017_peace</spaceID>
    <hangarType>premium</hangarType>
    <premiumType>OP</premiumType>
    <accessibilityConditions>
      <accountType>premium</accountType>
      <accountType>basic</accountType>
    </accessibilityConditions>
    <loc>LOBBY_BACKGROUND_OPTION_AIRFIELD</loc>
    <img>icons/hangar/bgMenuImageBritishCastle2017.dds</img>
  </hangar>
  <hangar>
    <spaceID>00_22_Hangar_British_Castle_2017_war</spaceID>
    <hangarType>premium</hangarType>
    <premiumType>OP</premiumType>
    <accessibilityConditions>
      <accountType>premium</accountType>
      <accountType>basic</accountType>
    </accessibilityConditions>
    <loc>LOBBY_BACKGROUND_OPTION_AIRFIELD</loc>
    <img>icons/hangar/bgMenuImageBritishCastle2017.dds</img>
  </hangar>
  <hangar>
    <spaceID>00_16_Factory_Hangar_2016</spaceID>
    <hangarType>premium</hangarType>
    <premiumType>OP</premiumType>
    <accessibilityConditions>
      <accountType>premium</accountType>
      <accountType>basic</accountType>
    </accessibilityConditions>
    <loc>LOBBY_BACKGROUND_OPTION_AIRFIELD</loc>
    <img></img>
  </hangar>
  <hangar>
    <spaceID>00_27_hangar_NY_2019</spaceID>
    <hangarType>premium</hangarType>
    <premiumType>OP</premiumType>
    <accessibilityConditions>
      <accountType>premium</accountType>
      <accountType>basic</accountType>
    </accessibilityConditions>
    <loc>LOBBY_BACKGROUND_OPTION_AIRFIELD</loc>
    <img></img>
  </hangar>
</user_hangar_spaces.xml>